Codigo,Codigo_Fabricante,Descripcion,Rubro,Marca,Stock,Precio_Original_USD,Precio_Final_USD,Ganancia_Unitaria_USD,Margen_Porcentaje
23756,SPK8901BQMC,Teclado Español -Usb -Gamer Mechanical -With Rainbow Backlight -black Philips G901 (SPK8901BQMC),Teclados C/Cable,Philips,Si,28.37,39.72,11.35,40.0
24342,PASTA002,Acople universal de ravioles c/accesorio cortante -Cuk by Gadnic Ravioricca (PASTA002),Bazar y Hogar,Gadnic,Si,13.79,19.31,5.52,40.0
22404,UE300C,Adaptador lan TYPE-C M a 1 port 10/100/1000Mbps RJ-45 H -Ethernet Gigabit -white -TP-Link (UE300C),Conectividad Placas De Red,TP-Link,Si,16.25,22.75,6.50,40.0
23445,ARCHER T2E,Adaptador wireless PCI-E -200/433Mbps -dual band -antena desmontable -TP-Link (ARCHER T2E),Conectividad Placas De Red,TP-Link,Si,14.35,20.09,5.74,40.0
23446,ARCHER TX20E,Adaptador wireless PCI-E -574/1201Mbps -dual band 2.4/5GHz -Wifi 6 -Bluetooth 5.2 -2 antenas high gain -TP-Link (ARCHER TX20E),Conectividad Placas De Red,TP-Link,Si,27.46,38.44,10.98,40.0
11389,TL-WN8200ND,Adaptador wireless USB -300Mbps -doble antena -TP-Link (TL-WN8200ND),Conectividad Placas De Red,TP-Link,Si,16.72,23.41,6.69,40.0
19068,ARCHER T2U PLUS,Adaptador wireless USB -433+200Mbps -dual band 2.4/5GHz -antenas 5dbi -AC600 -TP-Link (ARCHER T2U PLUS),Conectividad Placas De Red,TP-Link,Si,14.48,20.27,5.79,40.0
23930,NM-CS1200,Adaptador wireless USB -dual band 2.4/5.8Ghz -1200Mbps -free driver -doble antena -Netmak (NM-CS1200),Conectividad Placas De Red,Netmak,Si,14.02,19.63,5.61,40.0
17138,ARCHER T4U,Adaptador wireless USB 3.0 -dual band 2.4/5Ghz -1300Mbps (400+867) -AC1300 -TP-Link Archer T4U (ARCHER T4U),Conectividad Placas De Red,TP-Link,Si,21.55,30.17,8.62,40.0
23386,ARCHER T3U NANO,Adaptador wireless USB 400/867Mbps -wifi -dual band 2.4/5GHz -usb 2.0 -ultra veloz -diseño mini -black -TP-Link AC1300 (ARCHER T3U NANO),Conectividad Placas De Red,TP-Link,Si,16.50,23.10,6.60,40.0
20137,ARCHER T3U PLUS,Adaptador wireless USB 400/867Mbps -wifi -dual band 2.4/5GHz -usb 3.0 -ultra veloz -diseño mini -2 antenas alta ganancia -black -TP-Link MU-MIMO AC1300 (ARCHER T3U PLUS),Conectividad Placas De Red,TP-Link,Si,18.09,25.33,7.24,40.0
19113,ARCHER T3U,Adaptador wireless USB 400/867Mbps -wifi -usb 3.0 -ultra veloz -diseño mini -black -TP-Link MU-MIMO AC1300 (ARCHER T3U),Conectividad Placas De Red,TP-Link,Si,15.87,22.22,6.35,40.0
23578,ARCHER TX20U NANO,Adaptador wireless USB 574/1201Mbps -dual band 2.4/5GHz -usb 2.0 -ultra veloz -wifi 6 -diseño mini -black -TP-Link AX1800 (ARCHER TX20U NANO),Conectividad Placas De Red,TP-Link,Si,17.19,24.07,6.88,40.0
23574,ARCHER TX20U PLUS,Adaptador wireless USB 574/1201Mbps -dual band 2.4/5GHz -usb 3.0 -ultra veloz -wifi 6 -2 antenas -black -TP-Link AX1800 (ARCHER TX20U PLUS),Conectividad Placas De Red,TP-Link,Si,23.29,32.61,9.32,40.0
23575,ARCHER TX20UH,Adaptador wireless USB 574/1201Mbps -dual band 2.4/5GHz -usb 3.0 -ultra veloz -wifi 6 -2 antenas de alta ganancia -gray -TP-Link AX1800 (ARCHER TX20UH),Conectividad Placas De Red,TP-Link,Si,26.25,36.75,10.50,40.0
24304,CORTPE11,Afeitadora inalambrica -bat. recargable 600mAh -resistente al agua -black -Care by Gadnic T8000 (CORTPE11),Electrodomesticos,Gadnic,Si,27.74,38.84,11.10,40.0
24309,ALCAR001,Alarma Universal p/motos y vehiculos -multitono -2 transmisores -Gadnic X105 (ALCAR001),Seguridad Alarmas,Gadnic,Si,14.67,20.54,5.87,40.0
7229,31090015100,Apuntador Inalambrico -2.4ghz -receptor usb -2x pila AAA -black -Genius Media Pointer 100 (31090015100),Accesorios,Genius,Si,22.35,31.29,8.94,40.0
24311,FOTO0038,Aro luz led -26cm -luz blanca natural / calida / fria -ajuste de brillo -c/accesorio p/3 dispositivos -soporte de rotula -black -Gadnic SRN892 (FOTO0038),Accesorios,Gadnic,Si,21.05,29.47,8.42,40.0
23850,AV000212,Aspiradora de mano -inalambrica -portatil -8.4V -60W -seco -filtro hepa -bat. recargable 1800mAH x2 -black -Gadnic GUN-12 (AV000212),Electrodomesticos,Gadnic,Si,26.11,36.55,10.44,40.0
23849,AV000014,Aspiradora de mano p/auto -portatil -12v -108W -seco -filtro hepa -cable 4.5mts -black -Gadnic (AV000014),Electrodomesticos,Gadnic,Si,20.90,29.26,8.36,40.0
22704,NM-CAT,Auricular bluetooth -cable 3.5mm para función dual -bat. recargable 360mAh -diseño orejas gato luminosas -pink -Netmak Cat Lover (NM-CAT),Auriculares Vincha Bluetooth/Inalambricos,Netmak,Si,14.31,20.03,5.72,40.0
24108,NM-N25-W,Auricular c/microfono -3.5mm + usb (luces) -cable 2.2m -p/PC y consolas -iluminacion RGB -almohadillas acolchadas -gamer -white -Netmak (NM-N2-W5),Auriculares Vincha c/cable,Netmak,Si,17.29,24.21,6.92,40.0
12554,981-000612,Auricular c/microfono -ajustable -black -Logitech Headset H111 (981-000612),Auriculares Vincha c/cable,Logitech,Si,13.99,19.59,5.60,40.0
14977,981-000587,Auricular c/microfono -ajustable -black -Logitech Headset H151 (981-000587),Auriculares Vincha c/cable,Logitech,Si,20.15,28.21,8.06,40.0
24006,31710029400,Auricular c/microfono -cable 3.5mm -bluetooth 5.3 -bat. 300 mAh -black -Genius HS-810BT (31710029400),Auriculares Vincha Bluetooth/Inalambricos,Genius,Si,20.96,29.34,8.38,40.0
18473,31710007400,Auricular c/microfono -gamer -control en cable -black -Genius HS-G560 (31710007400),Auriculares Vincha c/cable,Genius,Si,24.65,34.51,9.86,40.0
19960,31710015400,Auricular c/microfono -gamer -vibracion -control en cable 1.8mts -black -Genius HS-G600V (31710015400),Auriculares Vincha c/cable,Genius,Si,27.35,38.29,10.94,40.0
23253,31710025402,Auricular c/microfono -manos libres -HIFI -Touch Control -intrauditivos -bt 5.3 -bateria litio 40mAh -c/estuche cargador bat 200mAh/usb type-c -TWS -black -Genius HS-M905BT (31710025402),Auriculares Intrauditivos Bluetooth/Inalambricos,Genius,Si,14.57,20.40,5.83,40.0
23252,31710025400,Auricular c/microfono -manos libres -HIFI -Touch Control -intrauditivos -bt 5.3 -bateria litio 40mAh -c/estuche cargador bat 200mAh/usb type-c -TWS -white -Genius HS-M905BT (31710025400),Auriculares Intrauditivos Bluetooth/Inalambricos,Genius,Si,14.62,20.47,5.85,40.0
23251,31710024400,Auricular c/microfono -manos libres -intrauditivos -HIFI -bt 5.3 -bateria litio 40mAh -c/estuche cargador bat 300mAh/usb type-c -TWS -white -Genius HS-M920BT (31710024400),Auriculares Intrauditivos Bluetooth/Inalambricos,Genius,Si,21.53,30.14,8.61,40.0
23540,NG-BTWINS29 VR,Auricular c/microfono -manos libres -intrauditivos -TWS -Touch Control -bt 5.3 + EDR -bateria litio 40mAh c/estuche cargador bat 300mAh -cable usb type-C -ANC -Auto On & Auto Pairing -ultra small -green -Noganet Twins (NG-BTWINS29 VR),Auriculares Intrauditivos Bluetooth/Inalambricos,Noganet,Si,21.03,29.44,8.41,40.0
22814,NGX-BTWINS6 BL,Auricular c/microfono -manos libres -intrauditivos -TWS -bt 5.3 -bateria litio 30mAh c/estuche cargador bat 200mAh -c/cable usb a type-C -ultra small -gamer -baja latencia -white -Noganet Gaming Earbuds (NGX-BTWINS 6),Auriculares Intrauditivos Bluetooth/Inalambricos,Noganet,Si,16.82,23.55,6.73,40.0
23250,31710023400,Auricular c/microfono -manos libres -intrauditivos -bt 5.3 -bateria litio 40mAh -c/estuche cargador bat 300mAh/usb type-c -TWS -black -Genius HS-M910BT (31710023400),Auriculares Intrauditivos Bluetooth/Inalambricos,Genius,Si,16.69,23.37,6.68,40.0
23427,KAB-676 630534,Auricular c/microfono -manos libres -intrauditivos -bt 5.3 -cancelacion de ruido -modo gaming - led RGB -bateria litio 50mAh -c/estuche cargador bat 1200mAh y display -TWS -black -Kolke Nova (KAB-676 630534),Auriculares Intrauditivos Bluetooth/Inalambricos,Kolke,Si,13.94,19.52,5.58,40.0
23642,630598,Auricular c/microfono -manos libres -intrauditivos -bt 5.3 -pantalla led -bateria litio 30mAh -c/estuche cargador bat 200mAh y display -TWS c/funcion ANC + ENC -black -Kolke (KAB-684 630598),Auriculares Intrauditivos Bluetooth/Inalambricos,Kolke,Si,14.59,20.43,5.84,40.0
13480,NM-SMART,Auricular c/microfono -manos libres -intrauditivos -bt 5.4 -c/estuche cargador y display -usb type-C -touch control -ANC cancelacion de ruido -white -Netmak (NM-SMART),Auriculares Intrauditivos Bluetooth/Inalambricos,Netmak,Si,17.59,24.63,7.04,40.0
24122,KAB-719 630740,Auricular c/microfono -manos libres -intrauditivos -touch control -bt 5.3 -bateria litio 30mAh -c/estuche cargador c/display digital bat 500mAh -TWS -black -Kolke (KAB-719 630740),Auriculares Intrauditivos Bluetooth/Inalambricos,Kolke,Si,22.57,31.60,9.03,40.0
24123,KAB-719 630741,Auricular c/microfono -manos libres -intrauditivos -touch control -bt 5.3 -bateria litio 30mAh -c/estuche cargador c/display digital bat 500mAh -TWS -white -Kolke (KAB-719 630741),Auriculares Intrauditivos Bluetooth/Inalambricos,Kolke,Si,22.57,31.60,9.03,40.0
23620,NM-FITER,Auricular c/microfono -manos libres -intrauditivos clip-on -bt 5.3 + EDR -bateria 300mAh c/estuche cargador -deportivos -black -Netmak (NM-FITER),Auriculares Intrauditivos Bluetooth/Inalambricos,Netmak,Si,13.89,19.45,5.56,40.0
24118,70723,Auricular c/microfono -usb -ajustable -almohadillas espuma -reducción de ruido -control remoto -black -Verbatim (70723),Auriculares Vincha c/cable,Verbatim,Si,16.29,22.81,6.52,40.0
24505,31710020400,Auricular c/microfono -usb -ajustable -cable 1.8m -black -Genius HS-220U (31710020400),Auriculares Vincha c/cable,Genius,Si,16.31,22.83,6.52,40.0
24503,31710020402,Auricular c/microfono -usb -ajustable -cable 2.4m -black -Genius HS-220U AI Copilot (31710020402),Auriculares Vincha c/cable,Genius,Si,15.48,21.67,6.19,40.0
24653,NM-ULTRA-G,Auricular c/microfono -wireless -bluetooth + cable 3.5mm p/función dual -hasta 20hs de uso -almohadillas acolchadas -c/estuche -beige/gold -Netmak (NM-ULTRA-G),Auriculares Vincha Bluetooth/Inalambricos,Netmak,Si,19.44,27.22,7.78,40.0
24652,NM-ULTRA,Auricular c/microfono -wireless -bluetooth + cable 3.5mm p/función dual -hasta 20hs de uso -almohadillas acolchadas -c/estuche -black -Netmak (NM-ULTRA),Auriculares Vincha Bluetooth/Inalambricos,Netmak,Si,19.44,27.22,7.78,40.0
22701,NM-VOLT,Auricular c/microfono -wireless -bt 5.0 + EDR -bat. 360mAh -cable 3.5mm p/función dual -control en orejeras -ranura microSD -black -Netmak (NM-VOLT),Auriculares Vincha Bluetooth/Inalambricos,Netmak,Si,14.81,20.73,5.92,40.0
22703,NM-VOLT-B,Auricular c/microfono -wireless -bt 5.0 + EDR -bat. 360mAh -cable 3.5mm p/función dual -control en orejeras -ranura microSD -blue -Netmak (NM-VOLT-B),Auriculares Vincha Bluetooth/Inalambricos,Netmak,Si,14.81,20.73,5.92,40.0
22702,NM-VOLT-W,Auricular c/microfono -wireless -bt 5.0 + EDR -bat. 360mAh -cable 3.5mm p/función dual -control en orejeras -ranura microSD -grey -Netmak (NM-VOLT-W),Auriculares Vincha Bluetooth/Inalambricos,Netmak,Si,19.55,27.37,7.82,40.0
22914,NM-VOLT-RS,Auricular c/microfono -wireless -bt 5.0 + EDR -bat. 360mAh -cable 3.5mm p/función dual -control en orejeras -ranura microSD -pink -Netmak (NM-VOLT-RS),Auriculares Vincha Bluetooth/Inalambricos,Netmak,Si,17.29,24.21,6.92,40.0
22913,NM-VOLT-P,Auricular c/microfono -wireless -bt 5.0 + EDR -bat. 360mAh -cable 3.5mm p/función dual -control en orejeras -ranura microSD -purple -Netmak (NM-VOLT-P),Auriculares Vincha Bluetooth/Inalambricos,Netmak,Si,16.47,23.06,6.59,40.0
23623,NM-MAGIC,Auricular c/microfono -wireless -bt 5.0 + EDR -bat. 360mAh -cable 3.5mm p/función dual -luminoso -white -Netmak (NM-MAGIC),Auriculares Vincha Bluetooth/Inalambricos,Netmak,Si,13.81,19.33,5.52,40.0
23569,KAB-633 630391,Auricular c/microfono -wireless -bt 5.0 -bat. 200mAh -manos libres -control en orejeras -ranura microSD -black -Kolke Surround (KAB-633 630391),Auriculares Vincha Bluetooth/Inalambricos,Kolke,Si,13.94,19.52,5.58,40.0
23215,KAB-633 630393,Auricular c/microfono -wireless -bt 5.0 -bat. 200mAh -manos libres -control en orejeras -ranura microSD -blue -Kolke Surround (KAB-633 630393),Auriculares Vincha Bluetooth/Inalambricos,Kolke,Si,14.51,20.31,5.80,40.0
23568,KAB-633-630545,Auricular c/microfono -wireless -bt 5.0 -bat. 200mAh -manos libres -control en orejeras -ranura microSD -pink -Kolke Surround (KAB-633 630545),Auriculares Vincha Bluetooth/Inalambricos,Kolke,Si,14.27,19.98,5.71,40.0
23493,KAB-670 630511,Auricular c/microfono HD -Bt v5.0 10m -aux 3.5mm -slot sd -control en orejeras -luz LED -bat. 1.000mAh -radio fm -sonido estéreo -driver 40mm -black -Kolke Burning (KAB-670 630511),Auriculares Vincha Bluetooth/Inalambricos,Kolke,Si,20.82,29.15,8.33,40.0
23510,NM-LIVE-P,Auricular c/micrófono -cable 3.5 mm -bluetooth 5.0 -bat. 360mAh -pink -Netmak (NM-LIVE-P),Auriculares Vincha Bluetooth/Inalambricos,Netmak,Si,16.84,23.58,6.74,40.0
23511,NM-LIVE-W,Auricular c/micrófono -cable 3.5 mm -bluetooth 5.0 -bat. 360mAh -white -Netmak (NM-LIVE-W),Auriculares Vincha Bluetooth/Inalambricos,Netmak,Si,16.84,23.58,6.74,40.0
24446,RCWL042X,Auto a radio control -wireless 2.4GHz -giro 360 -luz led -alcance 50 mts -uso 10min. -bat. recargable 500mah -blue -Gadnic Monster Todo Terreno (RCWL042X),Jugueteria,Gadnic,Si,28.50,39.90,11.40,40.0
23855,BALANZ13,Balanza -digital -2 pilas AAA (no incluidas) -hasta 180kg -medicion de grasa corporal -display LCD -plastico ABS + vidrio templado -Gadnic G13 (BALANZ13),Electrodomesticos,Gadnic,Si,22.35,31.29,8.94,40.0
24572,BALAN15B,Balanza de Baño Gadnic Digital con APP,Bazar y Hogar,Gadnic,Si,18.51,25.91,7.40,40.0
23999,NM-N134,Base gamer p/notebook -doble puerto usb -2 fan 120mm/1200rpm blue led -5 niveles de ajuste -c/soporte p/smartphone -Netmak (NM-N134),Notebooks/Tablets - Accesorios,Netmak,Si,16.55,23.17,6.62,40.0
23916,SOP00019,"Base p/notebook 10"" a 17"" -8 niveles de ajustes -rotacion 360 grad. -soporte p/smartphone -black -Gadnic Sp19 (SOP00019)",Notebooks/Tablets - Accesorios,Gadnic,Si,21.66,30.32,8.66,40.0
12972,BSLA-1270-CPB,Bateria de gel p/ups -12v -7.0Ah -Probattery (BSLA-1270-CPB),Ups Y Estabilizadores,Probattery,Si,15.23,21.32,6.09,40.0
18476,1007020036,Bateria de gel p/ups -12v -7.0Ah -Trv (LP12-7.0),Ups Y Estabilizadores,Trv,Si,20.73,29.02,8.29,40.0
13439,BSLA-1275-CPB,Bateria de gel p/ups -12v -7.5Ah -Probattery (BSLA-1275-CPB),Ups Y Estabilizadores,Probattery,Si,16.48,23.07,6.59,40.0
18479,LP12-7.5,Bateria de gel p/ups -12v -7.5Ah -Trv (LP12-7.5),Ups Y Estabilizadores,Trv,Si,27.14,38.00,10.86,40.0
13508,BSLA-1270-CRK,Bateria de gel p/ups -12v -7Ah -Rocket (BSLA-1270-CRK),Ups Y Estabilizadores,Generica,Si,14.79,20.71,5.92,40.0
19775,LP12-9.0,Bateria de gel p/ups -12v -9.0Ah -Trv (LP12-9.0),Ups Y Estabilizadores,Trv,Si,31.16,43.62,12.46,40.0
18562,NM-C47 20,Cable HDMI M/M v1.4 -20mts -1080p -c/filtro -conectores dorados -Netmak (NM-C47 20),Cables Video (Hdmi-Vga-Dvi-DisplayPort),Netmak,Si,19.93,27.90,7.97,40.0
22452,HDMI-20 1.4,Cable HDMI M/M v1.4 -20mts -1080p -conectores dorados -Noganet (HDMI-20M/M 1.4),Cables Video (Hdmi-Vga-Dvi-DisplayPort),Noganet,Si,13.70,19.18,5.48,40.0
24367,CAFETE02,Cafetera Prensa Francesa -1L -manual -black -Cuk by Gadnic Cf2020 (CAFETE02),Bazar y Hogar,Gadnic,Si,16.83,23.56,6.73,40.0
24321,CAJA0015,Caja de seguridad portatil -cerradura c/combinacion -black -Gadnic Cja15 (CAJA0015),Manejo De Dinero,Gadnic,Si,27.35,38.29,10.94,40.0
24322,CAJA0001,Caja fuerte c/teclado digital -compacta -4 pilas AA (no incluidas) -kit de instalacion para empotrar -black/metal -Gadnic (CAJA0001),Manejo De Dinero,Gadnic,Si,25.47,35.66,10.19,40.0
23861,P2P00049,Camara IP wifi -1080p -25fps -h265 -tarjeta TF (no incluida) -deteccion de movimiento -vision nocturna -audio bidireccional -diseño robot -iOS/Android -LINUX integrado -Gadnic RobbySafe P249 (P2P00049),Seguridad Video IP Camaras y Nvr,Gadnic,Si,28.44,39.82,11.38,40.0
23858,P2P00002,Camara IP wifi -1080p -2mp -15 fps -lente 2.8mm/2.2mm -SD 128gb (no incluida) -deteccion de movimiento -vision nocturna -iOS/Android -Gadnic 702 (P2P00002),Seguridad Video IP Camaras y Nvr,Gadnic,Si,24.73,34.62,9.89,40.0
23184,DOMO-43,Camara IP wifi -1080p -2mp -domo movil -vision nocturna -microSD (no incluida) -IP65 -exterior -altavoz y mic. -s/fuente -Demasled (DOMO-43),Seguridad Video IP Camaras y Nvr,Demasled,Si,30.01,42.01,12.00,40.0
23458,CP3,"Camara IP wifi -1080p -2mp -h.264 -15fps -IR 10mts -graba en MicroSD 128gb (no incluida) -360grad. -Motion Detection, Human Detection -audio 2 vias -Tenda (CP3)",Seguridad Video IP Camaras y Nvr,Tenda,Si,26.26,36.76,10.50,40.0
23170,DOMO-38,Camara IP wifi -1080p -2mp -vision nocturna -microSD (no incluida) -IP33 -interior -altavoz y mic. -Demasled (DOMO-38),Seguridad Video IP Camaras y Nvr,Demasled,Si,16.37,22.92,6.55,40.0
23822,TAPO C210,Camara IP wifi -1080p -3mp -h.264 -15fps -IR 9mts -graba en MicroSD 256gb (no incluida) -360grad. -audio 2 vias -TP-Link (TAPO C210),Seguridad Video IP Camaras y Nvr,TP-Link,Si,23.22,32.51,9.29,40.0
23823,TAPO C110,Camara IP wifi -1080p -3mp -h.264 -IR 9mts -graba en MicroSD 256gb (no incluida) -audio 2 vias -TP-Link (TAPO C110),Seguridad Video IP Camaras y Nvr,TP-Link,Si,20.79,29.11,8.32,40.0
23859,P2P00009,Camara IP wifi -1080p -3mp -lente 2.8mm -SD 128gb (no incluida) -deteccion de movimiento -vision nocturna -iOS/Android -Gadnic SX9 (P2P00009),Seguridad Video IP Camaras y Nvr,Gadnic,Si,24.05,33.67,9.62,40.0
23934,NM-IPCAM2,Camara IP wifi -1080p -graba en MicroSD 128gb (no incluida) -interior -355grad. -audio 2 vias -deteccion de movimiento -vision nocturna -app YOUSEE -Netmak (NM-IPCAM2),Seguridad Video IP Camaras y Nvr,Netmak,Si,17.64,24.70,7.06,40.0
19922,TAPO C200,Camara IP wifi -1080p -h.264 -15fps -IR 9mts -graba en MicroSD 128gb (no incluida) -360grad. -audio 2 vias -TP-Link (TAPO C200),Seguridad Video IP Camaras y Nvr,TP-Link,Si,21.70,30.38,8.68,40.0
19921,TAPO C100,Camara IP wifi -1080p -h.264 -IR 9mts -graba en MicroSD 128gb (no incluida) -audio 2 vias -TP-Link (TAPO C100),Seguridad Video IP Camaras y Nvr,TP-Link,Si,18.42,25.79,7.37,40.0
23860,P2P00054,Camara IP wifi -1440p -4mp -h265 -TF 128gb (no incluida) -deteccion de movimiento -vision nocturna -audio bidireccional -diseño lampara -iOS/Android -Gadnic Ipb3 (P2P00054),Seguridad Video IP Camaras y Nvr,Gadnic,Si,27.18,38.05,10.87,40.0
23679,CP3 PRO,"Camara IP wifi -2K -3MP -h.265 -30fps -360grad. -graba en MicroSD 256gb (no incluida) -audio bidireccional -Motion Detection, Human Detection, Cry Detection -alarma de luz y sonido -indoor -ai+wifi 6 -Amazon Alexa -Tenda (CP3 PRO)",Seguridad Video IP Camaras y Nvr,Tenda,Si,28.07,39.30,11.23,40.0
23273,KUC-618 630350,Camara IP wifi c/bat recargable 5200mAh -3mp -lente 3.6mm -IR 10mts -SD (no incluida) -mic doble via -deteccion de movimiento -2 antena -IP65 -exterior -control de voz Google Assistant/Amazon Alexa -Kolke (KUC-618 630350),Seguridad Video IP Camaras y Nvr,Kolke,Si,31.24,43.74,12.50,40.0
24492,NM-KIDCAM-P,"Camara instantanea c/impresora termica -pantalla IPS 2.4"" -5 juegos didacticos -modo selfie -MicroSD 32GB -2 rollos -pink -Netmak (NM-KIDCAM-P)",Camara De Fotos,Netmak,Si,29.60,41.44,11.84,40.0
24493,NM-KIDCAM-B,"Camara instantanea c/impresora termica -pantalla IPS 2.4"" -5 juegos didacticos -modo selfie -MicroSD 32GB -3 rollos -blue -Netmak (NM-KIDCAM-B)",Camara De Fotos,Netmak,Si,29.63,41.48,11.85,40.0
24466,CS-C6N-R101-1G2WF,Camara ip wifi -Full HD 1080p -15fps -h.264 -360grad. -IR 10mts -vision nocturna -graba en MicroSD 256gb (no incluida) -interior -audio dos vias -seguimiento inteligente -white -Ezviz by Hikvision C6N (CS-C6N-R101-1G2WF),Seguridad Video IP Camaras y Nvr,Ezviz by Hikvision,Si,28.16,39.42,11.26,40.0
24529,DOMO-74,Candado Smart -bluetooth -resistente al agua IP67 -2x baterias CR2032 -black -Demasled (DOMO-74),Accesorios,Demasled,Si,15.98,22.37,6.39,40.0
23863,CANHUE1N,Candado biometrico -bat. recargable -resistente al agua -indicador led -Gadnic Lo1N (CANHUE1X),Seguridad Controles de Acceso,Gadnic,Si,23.30,32.62,9.32,40.0
24312,AV000410,Cargador de baterias 12v/24v -p/auto/moto/proteccion integral -inteligente y automatico -pantalla LCD -Gadnic CBAT-150 (AV000410),Herramientas,Gadnic,Si,30.30,42.42,12.12,40.0
23919,NM-1265,Cargador universal p/dispositivos USB-C -65W -c/cable 220v -black -Netmak (NM-1265),Cargadores y Fuentes,Netmak,Si,27.99,39.19,11.20,40.0
18471,NM-1284,Cargador universal p/notebooks -65w -10 conectores multiples -incluye conector HP Ultrabook/Lenovo ThinkPad/Asus Zenbook -homologado -automatico -Netmak (NM-1284),Notebooks - Cargadores y Baterias,Netmak,Si,21.93,30.70,8.77,40.0
22534,MC-UNIV65W-CPB,Cargador universal p/notebooks -65w -8 conectores -Probattery (MC-UNIV65W-CPB),Notebooks - Cargadores y Baterias,Probattery,Si,15.19,21.27,6.08,40.0
12630,NM-1287,Cargador universal p/notebooks -90w -10 conectores -voltaje automatico -Netmak (NM-1287),Notebooks - Cargadores y Baterias,Netmak,Si,26.24,36.74,10.50,40.0
22533,MC-UNIV90W-CPB,Cargador universal p/notebooks -90w -8 conectores -Probattery (MC-UNIV90W-CPB),Notebooks - Cargadores y Baterias,Probattery,Si,17.75,24.85,7.10,40.0
12631,NM-1187,Cargador universal p/notebooks -90w -manual -Netmak (NM-1187),Notebooks - Cargadores y Baterias,Netmak,Si,20.57,28.80,8.23,40.0
17470,MCA-UNIV3-BPB,Cargador universal p/notebooks p/auto -12v -50w -7 conectores -Probattery (MCA-UNIV3-BPB),Notebooks - Cargadores y Baterias,Probattery,Si,13.78,19.29,5.51,40.0
11384,CZ103AL,Cartucho HP original -HP 662 -2ml -negro (CZ103AL),Cartuchos Originales,Hewlett Packard,Si,13.69,19.17,5.48,40.0
11538,CZ104AL,Cartucho HP original -HP 662 -tricolor (CZ104AL),Cartuchos Originales,Hewlett Packard,Si,14.20,19.88,5.68,40.0
21305,3YM79AL,Cartucho HP original Ink Advantage 667 -2ml -black (3YM79AL),Cartuchos Originales,Hewlett Packard,Si,14.17,19.84,5.67,40.0
21306,3YM78AL,Cartucho HP original Ink Advantage 667 -2ml -tricolor (3YM78AL),Cartuchos Originales,Hewlett Packard,Si,13.69,19.17,5.48,40.0
15438,F6V28AL,Cartucho HP original p/Deskjet 1115/2135/3635/3835/4535/4675 -HP 664 -2ml -tricolor(F6V28AL),Cartuchos Originales,Hewlett Packard,Si,14.25,19.95,5.70,40.0
15437,F6V29AL,Cartucho HP original p/Deskjet 2135/3635/3835/4535/4675 -HP 664 -2ml -black (F6V29AL),Cartuchos Originales,Hewlett Packard,Si,14.30,20.02,5.72,40.0
9375,GN-HP60BXL,Cartucho p/HP CC641WL -HP 60XL -18ml -black -Gneiss (GN-HP60BXL),Cartuchos Alternativos Hp,Gneiss,Si,17.11,23.95,6.84,40.0
11623,GN-HP122BXL,Cartucho p/HP DeskJet 3050/CH561HL -HP 122XL -20ml -black -Gneiss (GN-HP122BXL),Cartuchos Alternativos Hp,Gneiss,Si,16.73,23.42,6.69,40.0
11624,GN-HP122CXL,Cartucho p/HP DeskJet 3050/CH562HL -HP 122XL -21ml -color -Gneiss (GN-HP122CXL),Cartuchos Alternativos Hp,Gneiss,Si,17.33,24.26,6.93,40.0
1645,GN-HP22,Cartucho p/HP Deskjet 3910/3940 PSC 1410 -C9352A -HP 22 -17.3ml -tricolor -Gneiss (GN-HP22),Cartuchos Alternativos Hp,Gneiss,Si,16.13,22.58,6.45,40.0
15541,GN-HP664CXLNC,Cartucho p/HP Deskjet Advantage 1115/2135/3635/3835/4535/4675 -HP 664xl -21ml -color -Gneiss (GN-HP664CXLNC),Cartuchos Alternativos Hp,Gneiss,Si,19.69,27.57,7.88,40.0
15540,GN-HP664BXLNC,Cartucho p/HP Deskjet Advantage 1115/2135/3635/3835/4535/4675 -HP 664xl -22ml -black -Gneiss (GN-HP664BXLNC),Cartuchos Alternativos Hp,Gneiss,Si,17.54,24.56,7.02,40.0
14163,GN-HP662CXL,Cartucho p/HP Deskjet Advantage 2515/2545/2645/3515/3545 - HP 662xl -21ml -color -Gneiss (GN-HP662CXL),Cartuchos Alternativos Hp,Gneiss,Si,17.40,24.36,6.96,40.0
14162,GN-HP662BXL,Cartucho p/HP Deskjet Advantage 2515/2545/2645/3515/3545 -HP 662xl -22ml -black -Gneiss (GN-HP662BXL),Cartuchos Alternativos Hp,Gneiss,Si,16.97,23.76,6.79,40.0
22688,GN-HP667CXL,Cartucho p/HP Deskjet Plus Ink Advantage 6000/6400/Deskjet Ink Advantage 1200/2300/2700/4100 -HP 667xl -21ml -color -Gneiss (GN-HP667CXL),Cartuchos Alternativos Hp,Gneiss,Si,21.45,30.03,8.58,40.0
22558,GN-HP667BXL,Cartucho p/HP Deskjet Plus Ink Advantage 6000/6400/Deskjet Ink Advantage 1200/2300/2700/4100 -HP 667xl -22ml -black -Gneiss (GN-HP667BXL),Cartuchos Alternativos Hp,Gneiss,Si,19.68,27.55,7.87,40.0
23994,NM-GC479,Combo Gamer 4 En 1 -Teclado español -usb -retroiluminado -Mouse usb -1000 dpi -3 teclas -Auricular c/microfono -2x 3.5mm + usb -retroiluminado -cable 1.5m -Mouse pad 30 cm x 25 cm x 3mm -black -Netmak (NM-GC479),Teclado y Mouse Kit C/Cable,Netmak,Si,20.96,29.34,8.38,40.0
24332,AV000210,Compresor de aire multiproposito -portable -12v -150psi max -35L./Min. -3 boquillas intercambiables -blue/black -Gadnic Tools (AV000210),Herramientas,Gadnic,Si,25.22,35.31,10.09,40.0
23869,AV000011,Compresor de aire p/auto -12v -150psi max -35L./Min. -c/manometro -3 picos -Gadnic (AV000011),Herramientas,Gadnic,Si,24.51,34.31,9.80,40.0
23435,NG-FG02,Consola de juegos p/TV -620 juegos -8 bits -2x gamepads inalámbricos -salida a/v -gray -Noganet (NG-FG02),Consolas De Juego,Noganet,Si,22.43,31.40,8.97,40.0
23358,NM-S900,Consola de juegos para TV -5000 juegos de sega hd 16bits -2 x gamepads inalámbricos 2.4ghz -microSD -hdmi -black -Netmak (NM-S900),Consolas De Juego,Netmak,Si,24.39,34.15,9.76,40.0
24413,POCKY R5 CY,"Consola de juegos portatil -500 juegos -lcd 3"" -8bits -c/cable av -joy extra -bat. recargable 850mAh -cyan -Noganet (POCKY R5)",Consolas De Juego,Noganet,Si,15.81,22.13,6.32,40.0
24500,POCKY-R5 GR,"Consola de juegos portatil -500 juegos -lcd 3"" -8bits -c/cable av -joy extra -bat. recargable 850mAh -gray -Noganet (POCKY R5)",Consolas De Juego,Noganet,Si,15.66,21.92,6.26,40.0
24501,POCKY-18,"Consola de juegos portatil -600 juegos -lcd 2.5"" -8bits -c/cable av -joy extra -bat. recargable 850mAh -black -Noganet (POCKY 18)",Consolas De Juego,Noganet,Si,19.83,27.76,7.93,40.0
24543,POCKY-18-R,"Consola de juegos portatil -600 juegos -lcd 2.5"" -8bits -c/cable av -joy extra -bat. recargable 850mAh -red -Noganet (POCKY 18)",Consolas De Juego,Noganet,Si,19.83,27.76,7.93,40.0
24616,KET-725 630777,Control remoto universal c/teclado y mouse -wireless 2.4gHz -multidispositivo -receptor usb -bat. recargable 300mAh. -función de voz -black -Kolke (KET-725 630777),Teclados P/ SmartTV/Multidispositivo,Kolke,Si,14.51,20.31,5.80,40.0
22553,NS-COUSHD2,Conversor usb 2.0 a hdmi 1.4v -1080p 60Hz -3 pantallas max. -soporta pantalla extendida/principal/espejo -cable 15cm -aluminio -Nisuta (NS-COUSHD2),Placas / Puertos / Controladoras / Hub usb,Nisuta,Si,18.00,25.20,7.20,40.0
24325,CORTPE02,Cortadora de pelo inalambrica c/accesorios -10 peines -5W -bat. recargable -black -Care By Gadnic S2000 (CORTPE02),Electrodomesticos,Gadnic,Si,22.74,31.84,9.10,40.0
24324,KEMEI004,Cortadora de pelo inalambrica c/accesorios -4 peines -10W -bat. recargable 1500 mAh -aluminio -grey -Kemei by Gadnic Lfj-Km-1755 (KEMEI004),Electrodomesticos,Gadnic,Si,25.85,36.19,10.34,40.0
24317,JABMES07,Dispenser de jabon liquido p/baño y cocina -800ml -acero inoxidable -diseño de pared -metalico -Gadnic Ds 8 (JABMES07),Bazar y Hogar,Gadnic,Si,21.32,29.85,8.53,40.0
24080,DECO-ESPE-AUME,Espejo Smart c/luz -22 Leds -6000k-6500k -ajuste de brillo -sensor tactil -2x y 3x -4 pilas AAA/cable USB -Gliivo (DECO-ESPE-AUME),Accesorios y Gadgets Geeks,Gliivo,Si,29.60,41.44,11.84,40.0
24081,DECO-ESPE-PORT,Espejo portatil y compacto c/luz -21 Leds -ajuste de brillo -sensor tactil -1X/10X -bateria litio recargable USB-C de 800 mAh -pink -Gliivo (DECO-ESPE-PORT),Accesorios y Gadgets Geeks,Gliivo,Si,17.76,24.86,7.10,40.0
22326,200030002,Estabilizador -220v -6 tomas -proteccion sobrecarga/cortocircuito -rj-11/45 -ideal para CPU/ Laptops/ Impresoras  -black -Trv Powersafe 2i,Ups Y Estabilizadores,Trv,Si,29.46,41.24,11.78,40.0
24603,200030001,Estabilizador -220v -6 tomas -proteccion sobrecarga/cortocircuito -rj-45 -ideal para CPU/Laptops/router/TV/estaciones de juego -black -Trv Powersafe 1i,Ups Y Estabilizadores,Trv,Si,25.00,35.00,10.00,40.0
19827,MICRO VOLT H,Estabilizador 2000Va -4 Tomas -220v -Trv Micro Volt series (MICRO VOLT H),Ups Y Estabilizadores,Trv,Si,28.40,39.76,11.36,40.0
24328,ESTABI01,Estabilizador Steadycam p/camara -max. 1.5kg -antideslizante -Gadnic Steady (ESTABI01),Accesorios y Gadgets Geeks,Gadnic,Si,21.91,30.67,8.76,40.0
20591,ARXE-500,Fuente ATX 500W -fan 80cm -black -Aureox Energy Series (ARXE-500),Fuentes De Alimentacion,Aureox,Si,21.38,29.93,8.55,40.0
3864,ATX 550 P4,Fuente ATX 550W -20+4 Pines -Noganet (ATX 550 P4) S/Cable Power,Fuentes De Alimentacion,Noganet,Si,14.19,19.87,5.68,40.0
17267,ATX 600RGB,Fuente ATX 600W -20+4 pines -fan 14cm c/led rgb -s/cable power -Noganet (ATX 600RGB),Fuentes De Alimentacion,Noganet,Si,24.27,33.98,9.71,40.0
17268,ATX 650RGB,Fuente ATX 650W -20+4 pines -fan 14cm c/led rgb -Noganet (ATX 650RGB),Fuentes De Alimentacion,Noganet,Si,26.60,37.24,10.64,40.0
21408,ATX 700 NB,Fuente ATX 700W -20+4 pines -fan 12cm -PCF activo -Noganet (ATX 700 NB),Fuentes De Alimentacion,Noganet,Si,31.97,44.76,12.79,40.0
24340,FUENT001,Fuente de agua decorativa c/piedras -en cascada -luces led calidas -p/interiores -silenciosa -Gadnic FONT01 (FUENT001),Bazar y Hogar,Gadnic,Si,23.49,32.89,9.40,40.0
17476,"FASD-12,05000F","Fuente de alimentacion 12v -5A -plug 2.1 -Probattery (FASD-12,05000F)",Seguridad Video Accesorios,Probattery,Si,14.90,20.86,5.96,40.0
19003,XE10,Gabinete s/fuente -1 usb 2.0 + 1 usb 3.0 + hd audio -lateral transparente -leds rgb -ITX / M-ATX -black -Sentey X10 (X10),Gabinetes,Sentey,Si,24.87,34.82,9.95,40.0
24128,GS-6130-SF-BLACK,Gabinete s/fuente -1x usb 2.0 + 1x usb 3.0 + hd audio -sin coolers (soporta hasta 7x120mm) -doble vidrio templado (lateral y frente) -filtro anti polvo -M-ATX -gamer -black -Sentey H30 (GS-6130-SF-BLACK),Gabinetes,Sentey,Si,24.97,34.96,9.99,40.0
23389,6100-SF,Gabinete s/fuente -1x usb 3.0 -2x usb 2.0 + hd audio -doble vidrio templado (lateral y frente) -ATX/micro ATX -black -Sentey H10 (6100-SF),Gabinetes,Sentey,Si,24.87,34.82,9.95,40.0
23390,6100-SF W,Gabinete s/fuente -1x usb 3.0 -2x usb 2.0 + hd audio -doble vidrio templado (lateral y frente) -ITX/M-ATX -white -Sentey H10 (6100-SF),Gabinetes,Sentey,Si,24.87,34.82,9.95,40.0
24587,M12BLK-SF,Gabinete s/fuente -2x usb 2.0 + 1x usb 3.0 + hd audio -3x fan ARGB 120 mm -doble vidrio templado (lateral y frente) -ITX/M-ATX- filtro anti polvo -gamer -black -Sentey M12 ARGB (M12BLK-SF),Gabinetes,Sentey,Si,31.42,43.99,12.57,40.0
20136,FS10,Gabinete s/fuente -s/coolers -usb 2.0 -usb 3.0 -vidrio templado -micro ATX/mini ITX -black -Sentey F10 (FS10),Gabinetes,Sentey,Si,24.87,34.82,9.95,40.0
20819,S20-SF,Gabinete s/fuente -usb 2.0 + usb 3.0 + hd audio -ventana lateral vidrio templado -ITX/M-ATX/ATX -black -Sentey S20 (S20-SF),Gabinetes,Sentey,Si,27.51,38.51,11.00,40.0
23984,M10-SF-FRGB,Gabinete s/fuente -usb 3.0 + hd audio -3x fan FRGB -doble vidrio templado (lateral y frente) -filtro anti polvo -ITX / M-ATX -gamer -black -LNZ M10 (M10-SF-FRGB),Gabinetes,LNZ,Si,28.56,39.98,11.42,40.0
23985,M11-SF-FRGB,Gabinete s/fuente -usb 3.0 + hd audio -3x fan FRGB -vidrio templado lateral + mesh frontal -filtro anti polvo -ITX / M-ATX -gamer -black -LNZ M11 (M11-SF-FRGB),Gabinetes,LNZ,Si,29.36,41.10,11.74,40.0
23178,GUI-01-10M-N1,Guirnalda para Exteriores E27 15 Zócalos x10m -Trefi 02002 (GUI-01-10M-N1),Iluminacion,Demasled,Si,15.35,21.49,6.14,40.0
24415,UH3020C,Hub type-C -1x usb-a 3.0 5gbps + 1x hdmi 4k + 1x usb-c PD 100w -plug and play -grey -TP-Link (UH3020C),Placas / Puertos / Controladoras / Hub usb,TP-Link,Si,24.93,34.90,9.97,40.0
24019,31240004400,Hub type-C -3x usb-a 3.0 + 1x usb-c + 1x RJ45 -5Gbps -plug and play -grey -Genius UH-545 (31240004400),Placas / Puertos / Controladoras / Hub usb,Genius,Si,21.34,29.88,8.54,40.0
23883,DIFU0014,Humidificador Difusor portatil ultrasonico -usb recargable -2W -humidificador -aromatizante -880ml -3 intensidades de luz calida -diseño luna -base de madera -Gadnic DF10 (DIFU0014),Accesorios y Gadgets Geeks,Gadnic,Si,13.71,19.19,5.48,40.0
24631,NM-DF10,Humidificador Difusor portatil ultrasonico -usb-c -aromatizante -250ml -iluminacion LED efecto flama -compatible aceites -diseño leñas -Netmak (NM-DF10),Bazar y Hogar,Netmak,Si,21.98,30.77,8.79,40.0
24633,NM-DF8,Humidificador Difusor portatil ultrasonico -usb-c -aromatizante -250ml -iluminacion LED efecto flama -compatible aceites -white -Netmak (NM-DF8),Bazar y Hogar,Netmak,Si,15.23,21.32,6.09,40.0
24082,DECO-VAPO-GATB,Humidificador de Ambientes -portatil -lampara LED luz nocturna -2 modos -bat. recargable usb -220ml -white -Gliivo Kitten (DECO-VAPO-GATB),Accesorios y Gadgets Geeks,Gliivo,Si,18.36,25.70,7.34,40.0
22695,NM-DASH,Joystick -pc -cable 1.56mts -dualshock -material antideslizante y antisudor -ergonomico -diseño trasparente c/luces led RGB -Netmak (NM-DASH),Joystick,Netmak,Si,16.77,23.48,6.71,40.0
22936,NM-DELUXE,Joystick -wireless -pc -cable usb 1.70mts -dualshock -material antideslizante y antisudor -ergonomico -c/soporte -black/white -Netmak (NM-DELUXE),Joystick,Netmak,Si,15.60,21.84,6.24,40.0
22696,NM-DANGER,Joystick -wireless -pc/ps3/ps4/smartphones/nintendo switch -dualshock -bat litio 400mA -material antideslizante y antisudor -ergonomico -c/soporte -black/red -Netmak (NM-DANGER),Joystick,Netmak,Si,20.22,28.31,8.09,40.0
22322,940-000110,Joystick game pad -p/pc -usb -cable 1.8mts -ultra-ergonomico -black -Logitech F310 (940-000110),Joystick,Logitech,Si,20.58,28.81,8.23,40.0
22469,NM-P401,Joystick game pad -wireless -Playstation 4/PC (solo con cable) -bluetooth 2.1+ EDR -dualshock -panel tactil -bat litio 600mA -black -Netmak (NM-P401),Joystick,Netmak,Si,25.30,35.42,10.12,40.0
23644,NM-NITRO,Joystick gamepad -wireless -Android-IOS/P3/P4/N-switch -bluetooth 5.0 -c/soporte -black -Netmak (NM-NITRO),Joystick,Netmak,Si,15.83,22.16,6.33,40.0
23206,NHK-049 628437,Kit de destornilladores -50 piezas -c/soporte -punta magnetica -mango ergonomico goma -Nappo (NHK-049 628437),Herramientas,Nappo,Si,17.34,24.28,6.94,40.0
24295,JARDIN01,Kit de herramientas de jardineria -11 piezas -c/estuche -green -Gadnic (JD1000),Bazar y Hogar,Gadnic,Si,18.80,26.32,7.52,40.0
24060,NHK-053 628499,Kit de herramientas manuales y de precision -159 piezas -c/caja -black -Nappo (NHK-053 628499),Herramientas,Nappo,Si,25.08,35.11,10.03,40.0
24362,KPARRI02,Kit p/parrilla -12 piezas -acero inoxidable -c/maletin -Cuk by Gadnic Kp12.0 (KPARRI02),Bazar y Hogar,Gadnic,Si,25.43,35.60,10.17,40.0
23998,NM-MOON,Lampara de luna 12 cm -bat. recargable 300 mAh -usb -RGB 16 colores + blanco/luz calida/fria -control remoto -soporte madera -funcion tactil -Netmak (NM-MOON),Iluminacion,Netmak,Si,14.33,20.06,5.73,40.0
23892,LUNA0001,Lampara de luna 13cm -bat. recargable 500 mAh -usb -RGB 16 colores + blanco/luz calida/fria -control remoto -soporte madera -Gadnic (LUNA0001),Iluminacion,Gadnic,Si,22.17,31.04,8.87,40.0
23893,LUNA0002,Lampara de luna 18cm -bat. recargable 500 mAh -usb -RGB 16 colores + blanco/luz calida/fria -control remoto -soporte madera -Gadnic (LUNA0002),Iluminacion,Gadnic,Si,24.51,34.31,9.80,40.0
19756,ILRE-1LCAD.B-PB,Lampara recargable 60 leds -15w -cuello regulable -autonomia 65hs -sistema touch -c/cable microUSB -white -Probattery (ILRE-1LCAD.B-PB),Iluminacion,Probattery,Si,19.42,27.19,7.77,40.0
24070,DECO-LAMP-GIRA 2,Lampara rgb led 3w -giratoria -c/cargador inalambrico -bateria de litio -white -Gliivo Smart Orbit (DECO-LAMP-GIRA),Iluminacion,Gliivo,Si,29.60,41.44,11.84,40.0
23501,NM-ASTRO,"Lampara velador proyector astronauta de galaxia y estrellas -direccion, velocidad y brillo ajustable -4 colores combinables -parlante bluetooth 5.0 -temporizador -cable usb -Netmak (NM-ASTRO)",Iluminacion,Netmak,Si,20.47,28.66,8.19,40.0
24336,LIN00028,Linterna led camping -10W -2 modos de luz -resistente al agua -bat. recargable 6000mAh -black/yellow -Gadnic TM6060 (LIN00028),Iluminacion,Gadnic,Si,14.35,20.09,5.74,40.0
23897,LUPV0001,Lupa Binocular Vincha -hasta 3.5x -doble luz led direccional -4 lentes acrilico -2 pilas AAA (no incluidas) -manos libres -Gadnic Maximus (LUPV0001),Herramientas,Gadnic,Si,17.61,24.65,7.04,40.0
23664,IE-3005,Luz de emergencia 120 leds -c/soporte -10hs -Probattery (IE-3005),Iluminacion,Probattery,Si,17.77,24.88,7.11,40.0
24341,MAQCOS12,Maquina de coser portatil -c/pedal -c/luz led -2 velocidades -220v/4 pilas AA (no incluidas) -c/mesa y accesorios -white/violet -Gadnic SW2000 (MAQCOS12),Electrodomesticos,Gadnic,Si,23.84,33.38,9.54,40.0
24031,MASAJ21N,Masajeador cedro cervical y lumbar -8 nodos -terapia de calor -3 niveles de velocidad -220v/12v -Gadnic (MASAJ21N),Electrodomesticos,Gadnic,Si,28.63,40.08,11.45,40.0
24571,MEDLAS01,Medidor Laser -rango 0.03-40mts -unidad m/pulg/pie -luz led blanca -resistencia IP54 -Gadnic Laser900 (MEDLAS01),Herramientas,Gadnic,Si,21.48,30.07,8.59,40.0
22744,KVR32N22S6/8,Memoria DDR4 8GB 3200mhz PC4-3200 -CL22 -1.2v -green -Kingston ValueRAM (KVR32N22S6/8),Memorias DDR,Kingston,Si,27.01,37.81,10.80,40.0
21892,KF432C16BB/8,Memoria DDR4 8gb 3200mhz PC4-3200 -CL16 -1.2V -unbuffered -gamer -Intel XMP certified -Kingston HyperX Beast (KF432C16BB/8),Memorias DDR,Kingston,Si,29.95,41.93,11.98,40.0
24371,KVR56S46BS6-8,Memoria so-dimm DDR5 8gb 5600MHz -CL 46 -1.1v -unbuffered -green -Kingston (KVR56S46BS6-8),Memorias Para Notebook,Kingston,Si,29.14,40.80,11.66,40.0
24104,NM-MS786,Microfono p/Streaming -cable usb 1.35m -rgb (7 modos) -filtro anti POP -20Hz a 20.000Hz -c/tripode -black -Netmak (NM-MS786),Microfonos C/Cable,Netmak,Si,18.11,25.35,7.24,40.0
24105,NM-MS790,Microfono p/Streaming c/brazo articulado -mini plug 3.5mm -cable 2m -filtro anti POP -20Hz a 20.000Hz -black -Netmak (NM-MS790),Microfonos C/Cable,Netmak,Si,23.76,33.26,9.50,40.0
22180,KGI-518 630096,Microfono p/escritorio p/pc/ps3/ps4 -usb -cable 1.5mts -gamer -cuello flexible -plegable -iluminacion led RGB -black/blue -Kolke SIGYN (KGI-518 630096),Microfonos C/Cable,Kolke,Si,14.77,20.68,5.91,40.0
24102,NM-MC18,Microfonos Inalambricos Profesionales Set x2 -tecnologia unidireccional -cabeza cilindrica con rejilla metalica -plug 6.3mm c/bat. recargable -2 pilas AA (no incluidas) -black -Netmak (NM-MC18),Microfonos Bluetooth/Inalambricos,Netmak,Si,22.95,32.13,9.18,40.0
24033,MICROS06,Microscopio digital c/camara -usb 2.0 -5mp -zoom 1000X -lente 50mm -black -Gadnic MICROS06 (MICROS06),Herramientas,Gadnic,Si,19.97,27.96,7.99,40.0
24611,IMPTER37X,Mini Impresora Térmica Instantánea p/Fotos -blanco y negro -bluetooth 4.0 -2000 dpi -bat. recargable 1000mAh -Gadnic Meow Machine (IMPTER37X),Impresora De Fotos,Gadnic,Si,15.06,21.08,6.02,40.0
24459,DOMO-18-4G,Mini Smart Switch -WiFi+RF -4 Canales -100-240Vac -50-60Hz -10A max 2.4GHz -Demasled (DOMO-18-4G),Accesorios y Gadgets Geeks,Demasled,Si,14.13,19.78,5.65,40.0
24052,KVM-720 630755,Mochila de viaje -impermeable -puerto de carga usb -compartimiento p/notebook y p/zapatos -espalda acolchonada -pink -Kolke Hikes (KVM-720 630755),Notebooks/Tablets - Maletines / Mochilas / Fundas,Kolke,Si,30.01,42.01,12.00,40.0
23948,KVM-533 630284,"Mochila p/notebook hasta 15.6"" -correas acolchadas ajustables -a prueba de agua -puerto de carga usb -grey/grey cl -Kolke (KVM-533 630284)",Notebooks/Tablets - Maletines / Mochilas / Fundas,Kolke,Si,25.16,35.22,10.06,40.0
23058,KVM-603 630296,"Mochila p/notebook hasta 15.6"" -correas ajustables acolchadas -puerto usb p/carga de dispositivos (powerbank no incluido) -waterproof -doble cierre oculto con candado tipo TSA -black -Kolke Traveler (KVM-603 630296)",Notebooks/Tablets - Maletines / Mochilas / Fundas,Kolke,Si,28.46,39.84,11.38,40.0
24047,KVM-691 630636,"Mochila p/notebook hasta 15.6"" -impermeable -multifucional -black -Kolke (KVM-691 630636)",Notebooks/Tablets - Maletines / Mochilas / Fundas,Kolke,Si,20.65,28.91,8.26,40.0
23075,NM-MCH2,"Mochila p/notebook hasta 15.6"" -matera -compartimento para termo/yerbera/azucarera -polyester -totalmente acolchada -deslizadores metalicos -herrajes plasticos -black -Netmak (NM-MCH2)",Notebooks/Tablets - Maletines / Mochilas / Fundas,Netmak,Si,22.78,31.89,9.11,40.0
24051,KVM-711 630715,Mochila p/notebook hasta 15.6? -multifuncional -puerto de carga usb -oxford 300D y poliester 210 -espalda acolchonada -dark grey -Kolke Tour (KVM-711 630715),Notebooks/Tablets - Maletines / Mochilas / Fundas,Kolke,Si,17.79,24.91,7.12,40.0
21551,910-005793,Mouse optico -8000dpi -6 botones -iluminacion led -gamer -black -Logitech G203 Gaming Lightsync (910-005793),Mouses C/Cable,Logitech,Si,20.23,28.32,8.09,40.0
20769,910-005794,Mouse optico -8000dpi -6 botones -iluminacion led -gamer -white -Logitech G203 Gaming Lightsync (910-005794),Mouses C/Cable,Logitech,Si,21.98,30.77,8.79,40.0
13754,910-003808/910-003416,Mouse optico -wireless -1000dpi -black -Logitech M317 (910-003808/910-003416),Mouses Bluetooth/Inalambricos,Logitech,Si,13.92,19.49,5.57,40.0
18539,910-005281,Mouse optico -wireless -12000dpi -gamer -sensor HERO -black -Logitech G305 Lightspeed (910-005281),Mouses Bluetooth/Inalambricos,Logitech,Si,31.47,44.06,12.59,40.0
22078,910-006251,Mouse optico -wireless -4000dpi -nano receptor -1 pila AA (preinstalada) -pink -Logitech M650 Signature (910-006251),Mouses Bluetooth/Inalambricos,Logitech,Si,22.20,31.08,8.88,40.0
22075,910-006233,Mouse optico -wireless -4000dpi -nano receptor -1 pila AA (preinstalada) -white -Logitech M650 L Signature Large (910-006233),Mouses Bluetooth/Inalambricos,Logitech,Si,22.20,31.08,8.88,40.0
22318,910-006549,Mouse optico -wireless -4000dpi -receptor Logi Bolt -bajo consumo -diseño Blast -black/yellow -Logitech POP Mouse (910-006549),Mouses Bluetooth/Inalambricos,Logitech,Si,20.76,29.06,8.30,40.0
23557,910-007113,Mouse optico -wireless -bt -usb -400dpi/4000dpi -3 botones -silencioso -black -Logitech M240 Silent (910-007113),Mouses Bluetooth/Inalambricos,Logitech,Si,15.80,22.12,6.32,40.0
24555,SHRACK02,Organizador de zapatos -9 niveles -28 pares -cubre polyester antihumedad -Gadnic (SHRACK02),Bazar y Hogar,Gadnic,Si,20.85,29.19,8.34,40.0
23958,KPP-696-630670,Parlante 1.0 -20w -bluetooth 5.3 -usb/sd/3.5mm/fm -luz led -bat. recargable 1200mAh -TWS -black -Kolke Xboom (KPP-696 630670),Parlantes Portables Moviles/Columnas/Monovolumen,Kolke,Si,21.50,30.10,8.60,40.0
23993,NM-DREAM,Parlante 1.0 -bluetooth/usb/sd/3.5mm/fm -bat. recargable -6 en 1 lampara led rgb / cargador Qi / reloj / alarma / parlante BT / radio fm -white -Netmak Velador 6 en 1 (NM-DREAM),Parlantes Portables Moviles/Columnas/Monovolumen,Netmak,Si,16.20,22.68,6.48,40.0
20851,NM-FLOW,Parlante 1.0 portable -10w -bluetooth 5.0 -usb/card reader/fm -manos libres -tws -c/cable microUSB -black -Netmak (NM-FLOW),Parlantes Portables Moviles/Columnas/Monovolumen,Netmak,Si,19.00,26.60,7.60,40.0
20852,NM-FLOW-B,Parlante 1.0 portable -10w -bluetooth 5.0 -usb/card reader/fm -manos libres -tws -c/cable microUSB -blue -Netmak (NM-FLOW-B),Parlantes Portables Moviles/Columnas/Monovolumen,Netmak,Si,19.32,27.05,7.73,40.0
24098,NM-FLOW-C,Parlante 1.0 portable -10w -bluetooth 5.0 -usb/card reader/fm -manos libres -tws -c/cable microUSB -camuflado -Netmak (NM-FLOW-C),Parlantes Portables Moviles/Columnas/Monovolumen,Netmak,Si,16.19,22.67,6.48,40.0
20854,NM-FLOW-S,Parlante 1.0 portable -10w -bluetooth 5.0 -usb/card reader/fm -manos libres -tws -c/cable microUSB -grey -Netmak (NM-FLOW-S),Parlantes Portables Moviles/Columnas/Monovolumen,Netmak,Si,19.32,27.05,7.73,40.0
23597,NM-FLOW-P,Parlante 1.0 portable -10w -bluetooth 5.0 -usb/card reader/fm -manos libres -tws -c/cable microUSB -pink -Netmak (NM-FLOW-P),Parlantes Portables Moviles/Columnas/Monovolumen,Netmak,Si,17.40,24.36,6.96,40.0
20853,NM-FLOW-R,Parlante 1.0 portable -10w -bluetooth 5.0 -usb/card reader/fm -manos libres -tws -c/cable microUSB -red -Netmak (NM-FLOW-R),Parlantes Portables Moviles/Columnas/Monovolumen,Netmak,Si,19.32,27.05,7.73,40.0
22381,NM-FLAMA,Parlante 1.0 portable -10w -bluetooth/usb/fm/aux/mic/card reader -karaoke -bat litio 1500mAh -iluminacion led RGB c/efecto Flama -TWS -black -Netmak (NM-FLAMA),Parlantes Portables Moviles/Columnas/Monovolumen,Netmak,Si,15.00,21.00,6.00,40.0
22954,31730045400,Parlante 1.0 portable -4w -bluetooth 5.1 + 3.5mm -barra de sonido -luces led RGB -black -Genius SoundBar 200BT (31730045400),Parlantes Portables Moviles/Columnas/Monovolumen,Genius,Si,25.98,36.37,10.39,40.0
23744,31730052400,Parlante 1.0 portable -5w -bluetooth 5.3/aux 3.5mm -bat. recargable 1200mAh -c/microfono -black -Genius SP-915BT (31730052400),Parlantes Portables Moviles/Columnas/Monovolumen,Genius,Si,14.22,19.91,5.69,40.0
23073,KPP-697 630677,Parlante 1.0 portable -5w -bluetooth/sd/aux -TWS -bat. recargable 1800mAh -resistente al agua IPX5 -black -Kolke JoyBox (KPP-697 630677),Parlantes Portables Moviles/Columnas/Monovolumen,Kolke,Si,16.86,23.60,6.74,40.0
23736,KPP-697 630678,Parlante 1.0 portable -5w -bluetooth/sd/aux -TWS -bat. recargable 1800mAh -resistente al agua IPX5 -blue -Kolke JoyBox (KPP-697 630678),Parlantes Portables Moviles/Columnas/Monovolumen,Kolke,Si,16.86,23.60,6.74,40.0
23737,KPP-697 630679,Parlante 1.0 portable -5w -bluetooth/sd/aux -TWS -bat. recargable 1800mAh -resistente al agua IPX5 -red -Kolke JoyBox (KPP-697 630679),Parlantes Portables Moviles/Columnas/Monovolumen,Kolke,Si,16.86,23.60,6.74,40.0
23489,KPP-437 630298,Parlante 1.0 portable -6w -bluetooth 5.0 -usb/sd/fm -bat. 400mAh -pink -Kolke Fit (KPP-437 630298),Parlantes Portables Moviles/Columnas/Monovolumen,Kolke,Si,13.78,19.29,5.51,40.0
24654,NM-BUMBOX,"Parlante 1.0 portable 10W -3""X2 -bluetooth 5.3 -usb/fm/aux -luces led RGB c/efectos -bat. recargable 1500Mah. -black -Netmak (NM-BUMBOX)",Parlantes Portables Moviles/Columnas/Monovolumen,Netmak,Si,28.71,40.19,11.48,40.0
23490,KPP-678 630541,Parlante 1.0 portable 15W -bluetooth 5.3 -conexión usb/sd/aux 3.5mm -bat. recargable 1200mAh -manos libres -TWS -radio fm -black -Kolke Arrow (KPP-678 630541),Parlantes Portables Moviles/Columnas/Monovolumen,Kolke,Si,22.36,31.30,8.94,40.0
24630,NM-BRAVO,Parlante 1.0 portable 5W -bluetooth 5.3 -usb/fm/aux -luces led RGB c/efectos -bat. recargable 1200Mah. -black -Netmak (NM-BRAVO),Parlantes Portables Moviles/Columnas/Monovolumen,Netmak,Si,13.89,19.45,5.56,40.0
23503,NM-ALPHA,Parlante 1.0 portable astronauta -3w -bluetooth 5.0 -luces led audiorítmicas -bat. recargable 1200mAh -white -Netmak (NM-ALPHA),Parlantes Portables Moviles/Columnas/Monovolumen,Netmak,Si,17.40,24.36,6.96,40.0
24521,31730046400,Parlante 2.0 -4w -bluetooth 5.0 + aux 3.5mm -usb 5V -control de volumen -madera -black/grey -Genius SP-HF385BT (31730046400),Parlantes PC y Sistemas de Audio,Genius,Si,20.04,28.06,8.02,40.0
24444,PATO0001,Peluche de Pato -baila/canta/graba y repite -retroiluminado -bat. recargable -Gadnic (PATO0001),Jugueteria,Gadnic,Si,20.42,28.59,8.17,40.0
24556,HEATGUN1,Pistola de Calor -1800w -temp. max. 600ºC -c/puntas adicionales -ergonomica -Gadnic Tools Progun (HEATGUN1),Herramientas,Gadnic,Si,21.68,30.35,8.67,40.0
24445,SOFTG001,Pistola de dardos -12 balas de goma espuma -tambor giratorio -manual sin pilas -alcance 10 mts  -Gadnic SFG1000 (SOFTG001),Jugueteria,Gadnic,Si,14.83,20.76,5.93,40.0
24491,NM-PM102-P,Pizarra magica LCD c/lector de tarjetas bilingüe -sonido integrado -255 tarjetas didacticas -bat. recargable usb-c -pink -Netmak (NM-PM102-P),Jugueteria,Netmak,Si,15.22,21.31,6.09,40.0
24029,POCH0001,Pochoclera de aire caliente -compacta -1200 W -recipiente anti adherente -CUK by Gadnic POPCO100 (POCH0001),Electrodomesticos,Gadnic,Si,21.38,29.93,8.55,40.0
23411,KCP-634 630394,Powerbank -10000mAh -output hasta 5A -2 puertos usb + 1 type c -tecnologia Qualcomm 3.0 carga rapida -slim -black -Kolke (KCP-634 630394),Cargadores y Fuentes,Kolke,Si,17.92,25.09,7.17,40.0
23201,KCP-634 630395,Powerbank -10000mAh -output hasta 5A -2 puertos usb + 1 type c -tecnologia Qualcomm 3.0 carga rapida -slim -white -Kolke (KCP-634 630395),Cargadores y Fuentes,Kolke,Si,17.92,25.09,7.17,40.0
15007,910-001354,Presentador wireless usb -c/puntero laser -black -Logitech Presenter R400 (910-001354),Accesorios,Logitech,Si,26.34,36.88,10.54,40.0
23907,UVTRAP04,Raqueta mata moscas/mosquitos/insectos -electrica -malla de seguridad triple -bat. recargable usb -giro 360° -white -Gadnic (UVTRAP04),Accesorios y Gadgets Geeks,Gadnic,Si,15.15,21.21,6.06,40.0
23165,REF-55CW-B2,Reflector 108 LED blanco frío 6500k -100w -8500 lumenes -exterior -IP65 -vidrio templado - aluminio -black -Demasled (REF-55CW-B2),Iluminacion,Demasled,Si,17.91,25.07,7.16,40.0
23188,REF-56CW-B4,Reflector 162 LED blanco frío 6500k -150w -12750 lumenes -exterior -IP65 -vidrio templado - aluminio -black -Demasled (REF-56CW-B4),Iluminacion,Demasled,Si,25.91,36.27,10.36,40.0
24609,CACCE002,Reloj Control de Horario Biometrico -hasta 2000 huellas digitales -usb -tcp/ip -Gadnic C2600 (CACCE002),Seguridad Controles de Acceso,Gadnic,Si,26.90,37.66,10.76,40.0
23103,C-788E 100,Rollo cable UTP Cat5e -exterior -100mts -CCA -Noganet (C-788E 100),Conectividad Cables,Noganet,Si,27.20,38.08,10.88,40.0
23104,NG-UTP3 100,Rollo cable UTP Cat6 -100mts -CCA -interior -Noganet (NG-UTP3 100),Conectividad Cables,Noganet,Si,23.52,32.93,9.41,40.0
24621,C800AS-240G,"SSD 240Gb Disco Estado Solido -2.5"" 7mm -sata 3.0 -3D NAND FLASH -Dahua (DHI-SSD-C800AS240G)",Disco SSD Sata 3.0,Dahua,Si,17.95,25.13,7.18,40.0
24596,NT01N535S-240G-S3X,"SSD 240Gb Disco Estado Solido -2.5"" 7mm -sata 3.0 -3D TLC NAND -Netac N535S (NT01N535S-240G-S3X)",Disco SSD Sata 3.0,Netac,Si,21.47,30.06,8.59,40.0
24523,LNQ100X240G-RNNNG,"SSD 240Gb Disco Estado Solido -2.5"" 7mm -sata 3.0 -Lexar NQ100 (LNQ100X240G-RNNNG)",Disco SSD Sata 3.0,Lexar,Si,20.85,29.19,8.34,40.0
23212,WDS240G3G0A,"SSD 240Gb Disco Estado Solido -2.5"" 7mm -sata 3.0 -Western Digital Green (WDS240G3G0A)",Disco SSD Sata 3.0,Western Digital,Si,25.38,35.53,10.15,40.0
18357,CT240BX500SSD1,SSD 240Gb Disco Estado Solido -2.5'' 7mm -sata 3.0 -Micron 3D NAND -Crucial BX500 (CT240BX500SSD1),Disco SSD Sata 3.0,Crucial,Si,24.72,34.61,9.89,40.0
18098,SA400S37/240G,SSD 240Gb Disco Estado Solido -sata 3.0 -2Ch controller -black -Kingston A400 (SA400S37/240G),Disco SSD Sata 3.0,Kingston,Si,29.16,40.82,11.66,40.0
24622,C800AS-480G,"SSD 480Gb Disco Estado Solido -2.5"" 7mm -sata 3.0 -3D NAND FLASH -Dahua (DHI-SSD-C800AS480G)",Disco SSD Sata 3.0,Dahua,Si,31.12,43.57,12.45,40.0
23410,630492,Set 72 marcadores con doble punta -pincel y fina -c/estuche -Dual Marker,Accesorios,Generica,Si,22.82,31.95,9.13,40.0
24567,FRASKIT5,Set De 7 Contenedores Para Cocina Gadnic Con Tapa Hermética,Bazar y Hogar,Gadnic,Si,30.02,42.03,12.01,40.0
24558,VINO0008,Set p/Vino -sacacorchos electrico -cortador de aluminio -pico vertedor aireador/decantador -bomba de vacio + 2x tapones c/fecha -Gadnic V8t (VINO0008),Bazar y Hogar,Gadnic,Si,26.49,37.09,10.60,40.0
24354,VINO0010,Set p/Vino sacacorchos automatico -pico vertedor aireador -tapon de vacio -4 pilas AA (no incluidas) -Gadnic V8094 (VINO0010),Bazar y Hogar,Gadnic,Si,13.78,19.29,5.51,40.0
23340,NM-POWER,"Smartwatch 1.38"" -monitorea actividad fisica -sms -whatsapp -alarma -bluetooth 5.0 -bat. 210mAh -app fitpro -black -Netmak (NM-POWER)",Smartwatch y Smartband,Netmak,Si,20.45,28.63,8.18,40.0
23336,NM-ELITE,"Smartwatch 1.38"" -monitorea actividad fisica -sms -whatsapp -alarma -bluetooth 5.0 -bat. 210mAh -app fitpro -malla metalica -black -Netmak (NM-ELITE)",Smartwatch y Smartband,Netmak,Si,24.58,34.41,9.83,40.0
23706,NM-ENERGY,"Smartwatch 1.43"" Amoled Full Touch -monitorea actividad fisica y sueño -sms -whatsapp -alarma -bluetooth 5.3 -bat. 300mAh -IP68 -carga magnetica -black -Netmak (NM-ENERGY)",Smartwatch y Smartband,Netmak,Si,28.82,40.35,11.53,40.0
23707,NM-ENERGY-B,"Smartwatch 1.43"" Amoled Full Touch -monitorea actividad fisica y sueño -sms -whatsapp -alarma -bluetooth 5.3 -bat. 300mAh -IP68 -carga magnetica -blue -Netmak (NM-ENERGY-B)",Smartwatch y Smartband,Netmak,Si,28.82,40.35,11.53,40.0
23708,NM-ENERGY-P,"Smartwatch 1.43"" Amoled Full Touch -monitorea actividad fisica y sueño -sms -whatsapp -alarma -bluetooth 5.3 -bat. 300mAh -IP68 -carga magnetica -pink -Netmak (NM-ENERGY-P)",Smartwatch y Smartband,Netmak,Si,28.82,40.35,11.53,40.0
24053,KVR-713 630717,"Smartwatch 1.46"" full touch -monitorea actividad fisica -alarma -bluetooth 5.3 -bat. recargable 230mAh -IP68 -app Da Fit -black -Kolke (KVR-713 630717)",Smartwatch y Smartband,Kolke,Si,18.01,25.21,7.20,40.0
24054,KVR-713 630718,"Smartwatch 1.46"" full touch -monitorea actividad fisica -alarma -bluetooth 5.3 -bat. recargable 230mAh -IP68 -app Da Fit -blue -Kolke (KVR-713 630718)",Smartwatch y Smartband,Kolke,Si,18.01,25.21,7.20,40.0
24494,NM-BENEFIT,"Smartwatch 1.47"" Full Touch -monitorea actividad fisica, salud y sueño -notificaciones -alarma -bluetooth 5.3 -bat. 150mAh -carga magnetica -IP67 -black -Netmak (NM-BENEFIT)",Smartwatch y Smartband,Netmak,Si,21.33,29.86,8.53,40.0
24496,NM-LEVEL,"Smartwatch 1.5"" Touch -monitorea actividad fisica, salud y sueño -notificaciones -alarma -bluetooth 5.4 -bat. 180mAh -carga magnetica -black -Netmak (NM-LEVEL)",Smartwatch y Smartband,Netmak,Si,18.66,26.12,7.46,40.0
22479,NM-PLUS,"Smartwatch 1.75"" -monitorea actividad fisica -sms -whatsapp -alarma -bluetooth 5.0 -bat. 200mAh -app fitpro -black -Netmak (NM-PLUS)",Smartwatch y Smartband,Netmak,Si,20.51,28.71,8.20,40.0
22480,NM-PLUS-S,"Smartwatch 1.75"" -monitorea actividad fisica -sms -whatsapp -alarma -bluetooth 5.0 -bat. 200mAh -app fitpro -grey/black -Netmak (NM-PLUS-S)",Smartwatch y Smartband,Netmak,Si,20.96,29.34,8.38,40.0
22481,NM-PLUS-W,"Smartwatch 1.75"" -monitorea actividad fisica -sms -whatsapp -alarma -bluetooth 5.0 -bat. 200mAh -app fitpro -silver/white/black -Netmak (NM-PLUS-W)",Smartwatch y Smartband,Netmak,Si,18.30,25.62,7.32,40.0
23486,KVR-671 630520,"Smartwatch 1.83"" TFT -monitorea actividad fisica -alarma -bluetooth 5.3 -bat. recargable 300mAh -a prueba de polvo y resistente al agua Nivel 1 ATM -app Da Fit -correa adicional -black -Kolke (KVR-671 630520)",Smartwatch y Smartband,Kolke,Si,15.23,21.32,6.09,40.0
23487,KVR-671 630521,"Smartwatch 1.83"" TFT -monitorea actividad fisica -alarma -bluetooth 5.3 -bat. recargable 300mAh -a prueba de polvo y resistente al agua Nivel 1 ATM -app Da Fit -correa adicional -blue -Kolke (KVR-671 630521)",Smartwatch y Smartband,Kolke,Si,15.23,21.32,6.09,40.0
23485,KVR-671 630522,"Smartwatch 1.83"" TFT -monitorea actividad fisica -alarma -bluetooth 5.3 -bat. recargable 300mAh -a prueba de polvo y resistente al agua Nivel 1 ATM -app Da Fit -correa adicional -silver -Kolke (KVR-671 630522)",Smartwatch y Smartband,Kolke,Si,15.23,21.32,6.09,40.0
24055,KVR-716 630729,"Smartwatch 1.91"" IPS -monitorea actividad fisica -alarma -bluetooth 5.0 -bat. recargable 230mAh -IP68 -app Da Fit -black -Kolke (KVR-716 630729)",Smartwatch y Smartband,Kolke,Si,19.40,27.16,7.76,40.0
24056,KVR-716 630730,"Smartwatch 1.91"" IPS -monitorea actividad fisica -alarma -bluetooth 5.0 -bat. recargable 230mAh -IP68 -app Da Fit -silver -Kolke (KVR-716 630730)",Smartwatch y Smartband,Kolke,Si,19.40,27.16,7.76,40.0
23442,NG-SW18,Smartwatch 2.0 IPS -monitorea actividad física -sms -whatsapp -alarma -bluetooth 5.1 -bat. 250m/Ah -IP68 -aleación de zinc+silicona -carga magnética -black -Noganet (NG-SW18),Smartwatch y Smartband,Noganet,Si,29.13,40.78,11.65,40.0
23337,NM-EVOLUTION,"Smartwatch 2.01"" -IP67 -monitorea actividad fisica -sms -whatsapp -alarma -bluetooth 5.0 -bat. 210mAh -app dafit -black -Netmak (NM-EVOLUTION)",Smartwatch y Smartband,Netmak,Si,18.98,26.57,7.59,40.0
23334,NM-ACTION,"Smartwatch 2.01"" -monitorea actividad fisica -sms -whatsapp -alarma -bluetooth 5.0 -bat. 210mAh -app fitpro -black -Netmak (NM-ACTION)",Smartwatch y Smartband,Netmak,Si,18.91,26.47,7.56,40.0
23991,NM-ACTION-P,"Smartwatch 2.01"" -monitorea actividad fisica -sms -whatsapp -alarma -bluetooth 5.0 -bat. 210mAh -app fitpro -pink -Netmak (NM-ACTION-P)",Smartwatch y Smartband,Netmak,Si,17.78,24.89,7.11,40.0
23619,NM-ACTION-S,"Smartwatch 2.01"" -monitorea actividad fisica -sms -whatsapp -alarma -bluetooth 5.0 -bat. 210mAh -app fitpro -silver -Netmak (NM-ACTION-S)",Smartwatch y Smartband,Netmak,Si,18.88,26.43,7.55,40.0
23710,NM-DYNAMIC,"Smartwatch 2.01"" Amoled Full Touch -curvo -monitorea actividad fisica y sueño -sms -whatsapp -alarma -bluetooth 5.3 -bat. 300mAh -malla metálica + adicional de silicona -sumergible IP68 -carga magnética -black - Netmak (NM-DYNAMIC)",Smartwatch y Smartband,Netmak,Si,26.49,37.09,10.60,40.0
23709,NM-DYNAMIC-S,"Smartwatch 2.01"" Amoled Full Touch -curvo -monitorea actividad fisica y sueño -sms -whatsapp -alarma -bluetooth 5.3 -bat. 300mAh -malla metálica + adicional de silicona -sumergible IP68 -carga magnética -silver -Netmak (NM-DYNAMIC-S)",Smartwatch y Smartband,Netmak,Si,26.49,37.09,10.60,40.0
19926,NM-ST17,"Soporte de escritorio TV/LED -10"" a 30"" -max 10kg -inclinacion 90grad. -giro 360grad. -brazo movil -VESA max 100x100 -kit de instalacion -Netmak (NM-ST17)",Soportes TV/LCD/LED/Proyector,Netmak,Si,29.68,41.55,11.87,40.0
19923,NM-ST14,"Soporte de pared extensible TV/LED -17"" a 43"" -max 30kg  -inclinacion +5-15grad. -giro 180grad. -doble brazo movil -Netmak (NM-ST14)",Soportes TV/LCD/LED/Proyector,Netmak,Si,14.31,20.03,5.72,40.0
24435,NM-ST36,"Soporte de pared extensible TV/LED -32"" a 60"" -max 20kg -inclinacion -giro 180grad. -doble brazo movil -distancia a pared 3/39Cm -VESA 400x400 -c/kit de instalacion -black -Netmak (NM-ST36)",Soportes TV/LCD/LED/Proyector,Netmak,Si,14.48,20.27,5.79,40.0
23060,KVS-590 630261,"Soporte de pared extensible TV/LED -37"" a 70"" -max 35kg -inclinacion +-10grad -15grad -giro +-3grad. -VESA 600x400mm -brazo movil extensible -Kolke (KVS-590 630261)",Soportes TV/LCD/LED/Proyector,Kolke,Si,24.27,33.98,9.71,40.0
22082,KVS-519 630097,"Soporte escritorio TV/LED 13"" a 32"" -max 10kg -inclinacion -+45grad. -giro 360grad. -rotacion 360grad. -altura 450mm -VESA max 100x100mm -Kolke (KVS-519 630097)",Soportes TV/LCD/LED/Proyector,Kolke,Si,27.26,38.16,10.90,40.0
24064,GLII-SOPO-FULL,"Soporte p/auriculares -full led -10 modos -conexion 2 usb p/mouse, teclado, etc -puerto de audio 3.5mm -Gliivo RGB Full Color (GLII-SOPO-FULL)",Soportes Smartphone/Tablet/Gps,Gliivo,Si,20.73,29.02,8.29,40.0
24063,GLII-SOPO-BURB,Soporte p/auriculares -multimodo monocromo-fullcolor -botones tactiles -conexiones 2 usb/1 aux/1 mic/1 auricular -chip audio 7.1 -Gliivo RGB Full Color Bubble (GLII-SOPO-BURB),Soportes Smartphone/Tablet/Gps,Gliivo,Si,23.09,32.33,9.24,40.0
23915,SOP00027,"Soporte p/smartphone y tablet de 7"" a 14"" -plegable -rotacion 180grad. -aluminio -anti deslizante -Gadnic Sp27g (SOP00027)",Soportes Smartphone/Tablet/Gps,Gadnic,Si,19.02,26.63,7.61,40.0
23918,SOLD0012,Soporte soldador p/placas -luz led -lupa bifocal 3.5x -pila AAA (no incluida) -brazo flexible -Gadnic Sld1222 (SOLD0012),Herramientas,Gadnic,Si,14.40,20.16,5.76,40.0
12189,TL-SG1005D,Switch 5 ports 10/100/1000 -TP-Link (TL-SG1005D),Conectividad Switchs,TP-Link,Si,14.69,20.57,5.88,40.0
24602,DS105G,Switch 5 ports Gigabit 10/100/1000Mbps RJ45 -desktop -unmanaged -carcasa metalica -Omada by Tp-Link (DS105G),Conectividad Switchs,Omada by Tp-Link,Si,14.67,20.54,5.87,40.0
23457,SG108M,Switch 8 ports 10/100/1000 -carcasa plástica -black -Tenda (SG108M),Conectividad Switchs,Tenda,Si,14.46,20.24,5.78,40.0
5835,TL-SG1008D,Switch 8 ports 10/100/1000Mbps -TP-Link (TL-SG1008D),Conectividad Switchs,TP-Link,Si,19.64,27.50,7.86,40.0
24600,DS108G,Switch 8 ports Gigabit 10/100/1000Mbps RJ45 -desktop -unmanaged -carcasa metalica -Omada by Tp-Link (DS108G),Conectividad Switchs,Omada by Tp-Link,Si,22.84,31.98,9.14,40.0
23339,NM-KVM4,Switch KVM 4 puertos -4 usb tipo-B -3 usb tipo-A -4 vga -black -Netmak (NM-KVM4),Conectividad Print Server-Kvm-Data Switch-Splitter,Netmak,Si,15.13,21.18,6.05,40.0
23755,SPT6602B,Teclado Español + Mouse -Wireless 2.4ghz 1000dpi -Sensor Nano -black Philips C602 (SPT6602B),Teclado y Mouse Kit Bluetooth/Inalambricos,Philips,Si,14.23,19.92,5.69,40.0
23160,920-004426,Teclado espanol -wireless -Logitech K270 Graphite (920-004426),Teclados Bluetooth/Inalambricos,Logitech,Si,16.73,23.42,6.69,40.0
23295,31310053401,Teclado español  -usb -cable 1.5mts -diseño de onda dividida -keycaps antipolvo -Ai Copilot key -ergonomico c/palm rest -black -Genius Ergo KB-700 (31310053401),Teclados C/Cable,Genius,Si,15.75,22.05,6.30,40.0
20271,70708,Teclado español + mouse -wireless -1000dpi -receptor nano usb -black -Verbatim (70708),Teclado y Mouse Kit Bluetooth/Inalambricos,Verbatim,Si,14.22,19.91,5.69,40.0
23247,31340014401,Teclado español + mouse -wireless -1000dpi -receptor nano usb 2.4Ghz -black -Genius KM-8101 (31340014401),Teclado y Mouse Kit Bluetooth/Inalambricos,Genius,Si,14.35,20.09,5.74,40.0
15184,920-007901,Teclado español + mouse -wireless -black -Logitech MK235 (920-007901),Teclado y Mouse Kit Bluetooth/Inalambricos,Logitech,Si,20.83,29.16,8.33,40.0
20833,920-009792,Teclado español + mouse -wireless -receptor nano usb -black -Logitech MK295 SilentTouch (920-009792),Teclado y Mouse Kit Bluetooth/Inalambricos,Logitech,Si,21.61,30.25,8.64,40.0
10971,920-004432,Teclado español + mouse -wireless -receptor unifying usb -black -Logitech Desktop MK270 (920-004432),Teclado y Mouse Kit Bluetooth/Inalambricos,Logitech,Si,21.32,29.85,8.53,40.0
13718,920-004430,Teclado español + mouse -wireless -receptor usb -cifrado aes 128bits -black -Logitech MK220 (920-004430),Teclado y Mouse Kit Bluetooth/Inalambricos,Logitech,Si,20.58,28.81,8.23,40.0
23249,31340017401,Teclado español + mouse -wireless -silent mode design -1200dpi -receptor nano usb 2.4Ghz -black -Genius KM-8206S (31340017401),Teclado y Mouse Kit Bluetooth/Inalambricos,Genius,Si,15.37,21.52,6.15,40.0
15011,920-007123,Teclado español + multitouchpad -wireless -receptor usb -black -Logitech K400 Plus (920-007123),Teclados P/ SmartTV/Multidispositivo,Logitech,Si,24.32,34.05,9.73,40.0
23562,920-011783,Teclado español -compacto -wireless -usb -multidispositivo -teclas redondas -silencioso -black -Logitech Pebble Keys 2 K380S (920-011783),Teclados Bluetooth/Inalambricos,Logitech,Si,29.84,41.78,11.94,40.0
23717,920-011784,Teclado español -compacto -wireless -usb -multidispositivo -teclas redondas -silencioso -white -Logitech Pebble Keys 2 K380S (920-011784),Teclados Bluetooth/Inalambricos,Logitech,Si,27.08,37.91,10.83,40.0
23805,NM-KB380-W,Teclado español bluetooth 3.0/5.0 + wireless 2.4ghz multidispositivo -white -Netmak (NM-KB380-W),Teclados Bluetooth/Inalambricos,Netmak,Si,14.80,20.72,5.92,40.0
23210,NM-KB650-W,Teclado español bluetooth 5.0 + wireless 2.4ghz -recargable -white -Netmak (NM-KB650-W),Teclados Bluetooth/Inalambricos,Netmak,Si,16.37,22.92,6.55,40.0
23776,NKB-Q30,Teclado español compacto -wireless 2.4Ghz -usb -bluetooth -soporte multitarea -bat 1x AAA (no incluida) -pink -Noganet (NKB-Q30),Teclados Bluetooth/Inalambricos,Noganet,Si,14.91,20.87,5.96,40.0
18702,FSPRO-RGB-GS-510,Teclado español mecanico -gamer -usb -multimedia -retroiluminacion LED rainbow -cobertura metalica -switches Outemu Red -black -Sentey GS-510 (FSPRO-RGB-GS-510),Teclados C/Cable,Sentey,Si,20.94,29.32,8.38,40.0
18703,FSPRO-RGB-GS-530,Teclado español mecanico -gamer -usb -multimedia -retroiluminacion LED rainbow -cobertura metalica -switches Outemu rojos -black -Sentey (FSPRO-RGB-GS-530),Teclados C/Cable,Sentey,Si,24.87,34.82,9.95,40.0
23806,NM-LEGEND,Teclado español mecánico 100% -gamer -usb -multimedia -Anti-ghosting 26 Teclas -retroiluminacion LED 9 modos -black -Netmak (NM-LEGEND),Teclados C/Cable,Netmak,Si,23.17,32.44,9.27,40.0
23589,NM-ALLIANCE,Teclado español mecánico 100% -gamer -usb 1.5m -multimedia -Anti-ghosting 26 Teclas -retroiluminacion LED 9 modos -black -Netmak (NM-ALLIANCE),Teclados C/Cable,Netmak,Si,27.59,38.63,11.04,40.0
23351,NM-DOMINATE,Teclado español mecánico 60% -gamer -usb -multimedia -Anti-ghosting 26 Teclas -retroiluminacion LED 9 modos -black -Netmak (NM-DOMINATE),Teclados C/Cable,Netmak,Si,25.65,35.91,10.26,40.0
23352,NM-DOMINATE-W,Teclado español mecánico 60% -gamer -usb -multimedia -Anti-ghosting 26 Teclas -retroiluminacion LED 9 modos -white -Netmak (NM-DOMINATE),Teclados C/Cable,Netmak,Si,25.65,35.91,10.26,40.0
24627,NM-ABILITY,"Teclado español mecánico 75% -gamer -usb desmontable -cable 1,5mts -Anti-ghosting 21 Teclas -retroiluminacion LED 17 modos -black -Netmak (NM-ABILITY)",Teclados C/Cable,Netmak,Si,24.53,34.34,9.81,40.0
23361,NM-SKILL,Teclado español mecánico 80% -gamer -usb -multimedia -Anti-ghosting 26 Teclas -retroiluminacion LED 8 modos -black -Netmak (NM-SKILL),Teclados C/Cable,Netmak,Si,23.26,32.56,9.30,40.0
23359,NM-SKILL-W,Teclado español mecánico 80% -gamer -usb -multimedia -Anti-ghosting 26 Teclas -retroiluminacion LED 8 modos -white -Netmak (NM-SKILL-W),Teclados C/Cable,Netmak,Si,23.26,32.56,9.30,40.0
24438,TECLA007,Teclado español wireless -compacto -bluetooth -soporte multitarea -bat. recargable microUSB -black/green -Gadnic T7g (TECLA007),Teclados Bluetooth/Inalambricos,Gadnic,Si,21.59,30.23,8.64,40.0
23481,DOMO-56,"Timbre Smart -wifi 2,4G -cámara de video 480p -audio bidireccional c/mic -bat. 800mAH -vision nocturna -app smartlife -Demasled (DOMO-56)",Accesorios y Gadgets Geeks,Demasled,Si,21.99,30.79,8.80,40.0
11529,T664120,Tinta p/Epson L110/L200/L210/L350/L355/L555 -70ml -black -Epson (T664120),Tintas Originales Para Recarga,Epson,Si,15.10,21.14,6.04,40.0
11531,T664220,Tinta p/Epson L110/L200/L210/L350/L355/L555 -70ml -cyan -Epson (T664220),Tintas Originales Para Recarga,Epson,Si,14.62,20.47,5.85,40.0
11530,T664320,Tinta p/Epson L110/L200/L210/L350/L355/L555 -70ml -magenta -Epson (T664320),Tintas Originales Para Recarga,Epson,Si,14.62,20.47,5.85,40.0
11532,T664420,Tinta p/Epson L110/L200/L210/L350/L355/L555 -70ml -yellow -Epson (T664420),Tintas Originales Para Recarga,Epson,Si,15.52,21.73,6.21,40.0
19767,T544120,Tinta p/Epson L3150/L3110/L5190/5190/3150/3110 -65ml -black -Epson T544 (T544120),Tintas Originales Para Recarga,Epson,Si,15.75,22.05,6.30,40.0
19769,T544220,Tinta p/Epson L3150/L3110/L5190/5190/3150/3110 -65ml -cyan -Epson T544 (T544220),Tintas Originales Para Recarga,Epson,Si,15.73,22.02,6.29,40.0
19770,T544320,Tinta p/Epson L3150/L3110/L5190/5190/3150/3110 -65ml -magenta -Epson T544 (T544320),Tintas Originales Para Recarga,Epson,Si,16.13,22.58,6.45,40.0
19771,T544420,Tinta p/Epson L3150/L3110/L5190/5190/3150/3110 -65ml -yellow -Epson T544 (T544420),Tintas Originales Para Recarga,Epson,Si,15.96,22.34,6.38,40.0
20479,T504120,Tinta p/Epson L4150/4160/6161/6171/6191 -127ml -black -Epson (T504120),Tintas Originales Para Recarga,Epson,Si,22.66,31.72,9.06,40.0
20607,T504220,Tinta p/Epson L4150/4160/6161/6171/6191 -70ml -cyan -Epson (T504220),Tintas Originales Para Recarga,Epson,Si,15.46,21.64,6.18,40.0
20478,T504320,Tinta p/Epson L4150/4160/6161/6171/6191 -70ml -magenta -Epson (T504320),Tintas Originales Para Recarga,Epson,Si,14.56,20.38,5.82,40.0
20475,T504420,Tinta p/Epson L4150/4160/6161/6171/6191 -70ml -yellow -Epson (T504420),Tintas Originales Para Recarga,Epson,Si,14.54,20.36,5.82,40.0
23978,TEX-08RGB-A3,Tira LED 5m -96 LED/m -10W/m -12V -RGB neon -IP67 -Demasled (TEX-08RGB-A3),Iluminacion,Demasled,Si,18.82,26.35,7.53,40.0
23844,GN-TOW1500A,Toner p/HP M111A / M111W / M141A / M141W -w1500A -black -Gneiss (GN-TOW1500A),Toner Alternativo,Gneiss,Si,16.23,22.72,6.49,40.0
23571,GN-TOCF258A,Toner p/Hp Laserjet PRO M404/M428 -CF258A -CON CHIP -black -Gneiss (GN-TOCF258A),Toner Alternativo,Gneiss,Si,24.31,34.03,9.72,40.0
10318,GN-TOML1610,Toner p/Samsung ML-1610/1615 - ML-1610D2 -2000 copias -black -Gneiss (GN-TOML1610),Toner Alternativo,Gneiss,Si,13.83,19.36,5.53,40.0
19716,GN-TOD203L,Toner p/Samsung ML-M4020ND/M4070FR/M4072FD/M3820/M3870FD/M4070F -black -Gneiss (GN-TOD203L),Toner Alternativo,Gneiss,Si,16.75,23.45,6.70,40.0
24574,TRAP0008,Trapeador c/Rociador integrado -giro 360° -limpieza en seco/humedo -microfibra -Gadnic G- Spray (TRAP0008),Bazar y Hogar,Gadnic,Si,16.17,22.64,6.47,40.0
24401,A18,Wireless-AC Range Extender -1×RJ45 10/100 Mbps -dual band 2.4/5GHz (300/867Mbps) -2 antenas 2dBi -AP mode -white -Tenda AC1200 (A18),Conectividad Routers,Tenda,Si,29.49,41.29,11.80,40.0
17080,RE200,Wireless-AC Range Extender AC750 -dual band 2.4/5 GHz -300Mbps/433Mbps -Tp-Link (RE200),Conectividad Routers,TP-Link,Si,22.55,31.57,9.02,40.0
21712,ARCHER T4U PLUS,Wireless-AC USB 3.0 -400/867Mbps -dual band 2.4/5.8GHz -AC1300 -2 antenas 5dbi MU-MIMO -TP-Link (ARCHER T4U PLUS),Conectividad Placas De Red,TP-Link,Si,24.22,33.91,9.69,40.0
24411,AC10 v3,Wireless-AC router 1 port Gigabit WAN + 3 ports LAN -300/867Mbps -dual band 2.4/5GHz -MU-MIMO -4 antenas 6dBi -black -Tenda AC1200 (AC10 v3.0),Conectividad Routers,Tenda,Si,23.71,33.19,9.48,40.0
24408,AC6,Wireless-AC router 1 port WAN + 3 ports LAN -300/867Mbps -dual band 2.4/5GHz -4 antenas 6dBi -MU-MIMO -Beamforming -black -Tenda AC1200 (AC6 v5.0),Conectividad Routers,Tenda,Si,19.43,27.20,7.77,40.0
22390,MR20,Wireless-AC router 2 ports lan + 1 wan -300/433Mbps -dual band 2.4/5 GHz -2 antenas -TP-Link (Mercusys) AC750 (MR20),Conectividad Routers,Tp-Link (Mercusys),Si,18.38,25.73,7.35,40.0
23667,AC5,Wireless-AC router 3 ports LAN + 1 WAN -300/867Mbps -dual band 2.4/5GHz -MU-MIMO -4 antenas 6dBi -Tenda AC5 v3.0 AC1200 (AC5),Conectividad Routers,Tenda,Si,19.43,27.20,7.77,40.0
22391,ARCHER C20,Wireless-AC router 4 ports lan + 1 wan -300/433Mbps -dual band 2.4/5 GHz -3 antena 5dBi -AC750 -TP-Link Archer C20 (ARCHER C20),Conectividad Routers,TP-Link,Si,22.25,31.15,8.90,40.0
21191,ARCHER C24,Wireless-AC router 4 ports lan + 1 wan -300/433Mbps -dual band 2.4/5 GHz -wi-fi 5 -4 antenas -AC750 -TP-Link (ARCHER C24),Conectividad Routers,TP-Link,Si,19.65,27.51,7.86,40.0
15999,ARCHER C60,Wireless-AC router 4 ports lan + 1 wan -450/867Mbps -dual band 2.4/5 GHz -5 antena 5dBi -AC1350 -TP-Link (ARCHER C60),Conectividad Routers,TP-Link,Si,30.35,42.49,12.14,40.0
24393,TX2L PRO,Wireless-AX router 3 ports Gigabit LAN + 1 port Gigabit WAN -300/1201Mbps -dual band 2.4/5 GHz -5 antenas -MU-MIMO -OFDMA -WPS -black -Tenda AX1500 (TX2L PRO),Conectividad Routers,Tenda,Si,31.39,43.95,12.56,40.0
18773,ARCHER T4E,Wireless-N PCI-E -867+300Mbps -2 antenas 2dbi -dual band 2.4/5GHz -2x2 MIMO -AC1200 -TP-Link (ARCHER T4E),Conectividad Placas De Red,TP-Link,Si,22.95,32.13,9.18,40.0
12531,TL-WA850RE,Wireless-N Range Extender -300Mbps -Tp-Link (TL-WA850RE),Conectividad Routers,TP-Link,Si,18.82,26.35,7.53,40.0
18496,TL-WR850N,Wireless-N router -300Mbps -2 antenas -wps -IP QoS -TP-Link (TL-WR850N),Conectividad Routers,TP-Link,Si,17.76,24.86,7.10,40.0
18724,TL-WR820N v2,Wireless-N router 3 ports -100/300Mbps -Multi-Mode 4 in1 -2 antenas mimo -wps -low-profile -TP-Link (TL-WR820N),Conectividad Routers,TP-Link,Si,14.40,20.16,5.76,40.0
24409,F6,Wireless-N router 3 ports LAN + 1 port WAN -2.4GHz 300Mbps -4 antenas 5dBi -WPS -white -Tenda N300 (F6),Conectividad Routers,Tenda,Si,15.69,21.97,6.28,40.0
19575,MW325R,Wireless-N router 3 ports LAN + 1 port WAN -300Mbps -4 antenas 5dBi -WPS -TP-Link (Mercusys) (MW325R),Conectividad Routers,Tp-Link (Mercusys),Si,14.20,19.88,5.68,40.0
12445,TL-WR840N,Wireless-N router 4 ports -300Mbps -2 antenas -wps -TP-Link (TL-WR840N),Conectividad Routers,TP-Link,Si,18.22,25.51,7.29,40.0
